"name", "ingredients"
"Great Chocolate Chip Cookie Recipe",  "1/2 cup (100 grams) granulated sugar\n1/2 cup (120 grams) firmly packed light brown sugar\n8 tablespoons (1 stick) (115 grams) unsalted butter, cold, cut into 1/2-inch (1cm) pieces\n1 large egg\n1 teaspoon vanilla extract\n1/2 teaspoon baking soda\n1 1/4 cups (175 grams) all-purpose flour\n1/4 teaspoon salt\n1 1/2 cups (200 grams) semisweet chocolate chips\n1 cup(130 grams) walnuts or pecans, toasted and chopped"
"Ginger Cupcake Recipe",  "1 1/2 cups all-purpose flour\n1 tbsp ground ginger\n1 tsp baking powder\n1/4 tsp salt\n3/4 cup finely chopped candied ginger\n1 1/4 cups granulated sugar\n1/2 cup  unsalted butter, at room temperature\n3 eggs\n3/4 cup milk\n4 oz cream cheese, at room temperature \n1/4 cup unsalted butter, at room temperature\n2 1/4 cups confectioner's (icing) sugar, sifted\n1/4 cup finely chopped crystalIized ginger\n1 tsp  ground ginger \nPinch salt "
"Apple Coffee Cake Recipe",  "2 medium tart apples such as Granny Smith\n2 cups unbleached all-purpose flour\n2 1/4 teaspoons baking powder\n2 teaspoons ground cinnamon\n1/4 teaspoon salt\n1/2 cup (1 stick) butter, at room temperature\n1 cup sugar\n1/2 cup milk or plain soy milk\n2 large eggs\n1 1/2 teaspoons vanilla extract\n1/3 cup apple jelly, stirred over low heat until smooth"
"Cele's Old-Fashioned Pear Cake Recipe",  "1/2 cup unsalted butter, at room temperature, plus 2 tablespoons melted\nAll-purpose flour for dusting\n1 cup whole-wheat pastry flour\n1 teaspoon ground cinnamon\n1 teaspoon baking powder\n1/4 teaspoon sea salt\n1 cup sugar\n2 eggs\n6 firm but ripe small pears such as Seckel, cored and cut lengthwise into quarters"
"Vintage Jam Tarts Recipe",  "1 cup finely-ground cornmeal\n1 cup whole wheat pastry flour\n2 cups all-purpose flour\n1 1/2 teaspoons finely ground sea salt\n2 tablespoons baking powder\n3 tablespoons sugar\n1 cup unsalted butter, chilled, and cut into 1/4-inch chunks\n1 1/2+ cups milk\n1 egg, just the egg white\n1/3 cup jam (any flavor(s) you like)"
"Lilikoi Passionfruit Curd Cake Recipe",  "1 cup whole wheat pastry flour\n1/2 cup unbleached all-purpose flour\n1 1/2 teaspoon baking powder\n3/4 teaspoon fine-grain sea salt\n1 1/2 sticks organic unsalted butter\n1 1/2 cups granulated sugar (I used 1 cup Florida Crystals organic + 1/2 cup Alter-Eco unrefined ground cane sugar)\n3 large organic eggs\n1 teaspoon vanilla extract\n3/4 cup lilikoi curd (or curd flavor of your preference - lemon, raspberry, etc)"
"The Madame's Souffle Recipe",  "4 deciliters (1 2/3 cups) of very good milk \n100 grams (31/2 ounces) of sugar lumps\n40 grams (1 3/8 ounces) of rice starch or 30 grams (1 ounce) of sifted fine wheat flour\na nice half vanilla bean\n5 egg yolks\n6 egg whites whisked Into a very firm snow\n30 grams (1 ounce, 2 tablespoons) of fine butter\n2 tablespoons of confectioners' sugar or superfine sugar. \nA timbale or a souffle dish about 20 centimeters (8-inches) In diameter and 7 centimeters (2 3/4 inches) deep."
"Homemade and All-natural Thin Mint Recipe",  "Chocolate Wafers:\n8 ounces organic butter, room temperature\n1 cup organic powdered sugar, (I use Wholesome Sweeteners brand)\n1 teaspoon natural vanilla extract\n1 cup cocoa powder (I use Dagoba's cacao powder)\n3/4 teaspoon fine grain sea salt\n1 1/2 cups whole wheat pastry flour\nChocolate Peppermint Coating:\n1 pound good quality semi-sweet chocolate, chopped\nnatural peppermint oil to taste"
"Triple Chocolate Espresso Bean Cookie Recipe",  "2 1/2 cups whole-wheat pastry flour\n2 tablespoons freshly ground espresso powder\n3/4 teaspoon aluminum-free baking soda\n3/4 teaspoon aluminum-free baking powder\n3/4 teaspoon finely ground sea salt\n1/2 cup  natural cocoa or cacao powder (Scharffen Berger or Dagoba), not dutched\n1 cup unsalted butter, room temperature (soft to the touch)\n2 cups fine-grain natural granulated sugar (evaporated cane sugar) - for example, I love Alter-eco brand, OR do 1 1/2 cups sugar + 1/2 cup dark brown sugar\n2 large eggs\n3 teaspoons vanilla extract\n3/4 cup semi-sweet chocolate chips\n8 ounces chocolate covered espresso beans"
"Whole Grain Mexican Wedding Cookie Recipe",  "1 cup pecans, toasted and cooled to room temperature\n1 cup organic unsalted butter\n1/2 cup fine grain evaporated cane sugar (I used Alter-Eco brand)\nA splash of vanilla extract\nA splash of bourbon (optional)\n1 1/2 cups whole wheat pastry four\n1 cup oat flour\n1/2 teaspoon fine grain sea salt\norganic powdered sugar for dusting"
"Snow-topped Holiday Cupcake Recipe",  "2 1/2 cups plus 2 tablespoons unsifted bleached all-purposed flour\n1/2 teaspoon baking soda\n3/4 teaspoon salt\n3/4 teaspoon nutmeg\n12 tablespoons (1 1/2 sticks) unsalted butter, softened\n1 1/2 cups superfine sugar\n3 large eggs\n2 1/2 teaspoons pure vanilla extract\n3/4 cup thick, cultured sour cream\n1 cup tightly packed sweetened flaked coconut\nCoconut Cream Frosting (see recipe below), without the addition of the sweetened flaked coconut, for topping the baked cupcakes\nAbout 1 1/2 cups sweetened flaked coconut, to top the frosted cupcakes\nBakeware needed:\n8 jumbo muffin/cupcake cups (two pans each holding six individual muffin cups), each cup measuring 4 inches in diameter, 1 3/4 inches deep, with a capacity of about 1 1/8 cups (hs note: I used standard muffin pans. When I filled the cups 2/3 full, I got nice classic cupcakes. When I filled to the top I got big, jumbo-style cupcakes. Both were great, and plenty jumbo for me.)\nNonstick cookware spray, for preparing the muffin/cupcake pans\n12 ounces (one and one-half 8-ounce packages) cream cheese, softened\n5 tablespoons (1/4 stick plus 1 tablespoon) unsalted butter, softened\n2 1/2 teaspoons pure vanilla extract\n3 tablespoons heavy cream\n1/8 teaspoon freshly grated nutmeg\n5 1/2 cups unsifted confectioners' sugar (hs note: I used a bit more)\n3/4 cup lightly packed sweetened flaked coconut"
"Baked Doughnuts Recipe",  "1 1/3 cups warm milk, 95 to 105 degrees (divided)\n1 packet active dry yeast (2 1/4 teaspoons)\n2 tablespoons butter\n2/3 cup sugar\n2 eggs\n5 cups all-purpose flour (alternately, white whole wheat might work -  haven't tried it yet)\nA pinch or two of nutmeg, freshly grated\n1 teaspoon fine grain sea salt\n1/2 cup unsalted butter, melted\n1 1/2 cups sugar\n1 tablespoon cinnamon"
"Plum and Peach Crisp Recipe",  "Fruit:\n1 pound ripe peaches\n1 pound ripe plums\n1/4 cup natural cane sugar (or brown sugar)\n1 tablespoon plus 1 teaspoons arrowroot (or cornstarch)\na scant 1/2 teaspoon orange blossom water (opt)\nCrisp:\n3/4 cup rolled oats\n3/4 cup white whole wheat flour (all-purpose flour)\n1/2 cup natural cane sugar (or brown sugar)\n1/2 teaspoon cinnamon\nbig pinch of salt \n1/3 cup butter, melted\n1/3 cup yogurt\nSpecial equipment: 8x8 square baking dish or equivalent"
"Challah Bread Recipe",  "1 3/4 cups (8 ounces) whole wheat flour, preferably fine grind\n1/2 teaspoon (.14 ounces) salt\n3/4 cup (6 ounces) water\n1 3/4 cups (8 ounces) unbleached bread flour\n1/4 teaspoon (.03 ounces) instant yeast\n7 tablespoons (3.5 ounces) filtered or spring water, at room temperature (about 70F or 21C)\n1 large egg (1.65 ounces), slightly beaten\n4 egg yolks (2 ounces)\nUse all of the soaker\nUse all of the biga\n7 tablespoons (2 ounces) whole wheat flour\n1/2 teaspoon (.14 ounces) salt\n2 1/4 teaspoons (.25 ounces) instant yeast\n1 1/2 tablespoons honey or agave nectar (1 ounce) OR  2 tablespoons or  sugar or brown sugar (1 ounce)\n2 tablespoons (1 ounce) vegetable oil\n- extra whole wheat flour for adjustments\n- 1 egg beaten with 1 tablespoon water plus a pinch of salt for egg wash\n- poppy seeds or sesame seeds for topping (optional)"
"Madeleine Recipe",  "1 1/2 sticks unsalted butter (6 ounces)\n2 tablespoons softened unsalted butter (for greasing pan)\n3/4 cups unbleached all-purpose flour\n4 large eggs\na pinch fine-grain sea salt\n2/3 cups sugar\nzest of one large lemon\n1 teaspoon vanilla extract\npowdered sugar\na bit of extra flour for dusting baking pan\nSpecial equipment: A madeleine baking pan, regular or small"
"Sun-dried Tomato Cottage Cheese Muffin Recipe",  "1 cup plain cottage cheese (low-fat is fine)\n3/4 cup parmesan cheese, freshly grated\n1/4 cup flour (see headnotes)\n1 cup almonds, very finely ground\n1 teaspoon baking powder\n1/4 cup sun-dried tomatoes (in oil), finely chopped\n1/4 cup basil, finely chopped\n1/4 cup water\n4 eggs, lightly beaten\n1/2 teaspoon salt"
"Grown-up Fig Cookies",  "1/2 pound dried figs\n1/2 cup pomegranate juice\n1/2 cup port\n1/4 cup meyer (or regular) lemon juice\n1 cup brown rice flour\n1 cup sorghum flour\n1/2 cup tapioca flour\n1/2 teaspoon baking soda\n1 teaspoon baking powder\n1/2 teaspoon xantham gum\nscant 1 teaspoon salt\n1 teaspoon freshly ground nutmeg\n1/2 cup packed brown sugar\n1/2 cup unsalted butter, room temperature\n1/2 cup organic cane sugar\n1 large egg\n1 teaspoon vanilla\n2 tablespoons molasses"
"Yeast-raised Cornbread Recipe",  "4 cups white whole wheat flour\n1 1/2 cup organic cornmeal\n1 1/2 teaspoons fine grained sea salt\n1 (1/4 ounce) package active dry yeast\n1 cup warm water (~105 degrees)\n1/4 cup olive oil\n3 tablespoons honey\n3 extra-large eggs, room temperature\n2 cups of fresh or frozen corn, if frozen defrosted to room temp\n2/3 cup chopped chives \nCornmeal and olive oil for preparing loaf pans or muffin tins"
"Pine Nut Rosemary Shortbread Recipe",  "2 cups white whole-wheat flour (or unbleached all-purpose flour)\nscant teaspoon fine-grain sea salt\n1 cup unsalted butter, at room temperature\n2/3 cup (natural cane) sugar\nzest of one lemon\n2/3 cup pine nuts, toasted and loosely chopped\n1 1/4 teaspoons fresh rosemary, finely chopped"
"Raspberry Mega Scones Recipe",  "4 cups whole wheat pastry flour (or unbleached all-purpose flour)\n3 tablespoons aluminum-free baking powder\n1 teaspoon fine-grain sea salt\n1 stick unsalted butter (4 oz), chilled and cut into 1/4-inch cubes\n3/4 cup fine grain natural cane sugar or granulated sugar\n1 1/4 cups half-and-half ( or you can also use heavy cream or whole milk)\n1 teaspoon vanilla extract\nzest of one lemon\n2/3 cups raspberry preserves\nGlaze:\n1/2 cup powdered sugar\n1 tablespoon lemon juice\nzest of one lemon"
"Anzac Cookie Recipe",  "1 cup flour (all-purpose or whole wheat pastry)\n1 cup rolled oats\n1/2 cup sugar\n1/2 cup fine grain natural cane sugar OR brown sugar\n1 cup finely shredded non-sweetened coconut\nscant 1/2 teaspoon fine sea salt\n1/2 cup butter, cut into little cubes\n2 tablespoons golden syrup or honey\nzest of one medium orange\n1 tablespoon boiling water\n1/2 teaspoon baking soda\n1 tablespoon orange blossom water*"
"Amazing Black Bean Brownie Recipe",  "4 ounces unsweetened chocolate\n1 cup unsalted butter\n2 cups soft-cooked black beans, drained well (hs: canned is fine)\n1 cup walnuts, chopped\n1 tablespoon vanilla extract\n\u00bc cup (granulated) natural coffee substitute (or instant coffee, for gluten-sensitive)\n\u00bc teaspoon sea salt\n4 large eggs\n1\u00bd cups light agave nectar"
"Nibby Buckwheat Butter Cookie Recipe",  "1 1/4 cups (5.6 ounces) all-purpose flour\n3/4 cup (3 ounces) buckwheat flour\n1/2 pound (2 sticks) unsalted butter, softened\n2/3 cup sugar\n1/4 teaspoon salt\n1/3 cup cacao nibs\n1 1/2 teaspoons pure vanilla extract"
"Banana Chip Cookie Recipe",  "1 3/4 cups whole wheat pastry flour (see head notes)\n1/2 cup (toasted) wheat germ\n1/2 teaspoon baking soda\n1/2 teaspoon baking powder\nscant 1/2 teaspoon fine grain sea salt\n1/2 cup unsalted butter\n1 cup natural cane sugar (or brown sugar)\n2 large eggs\n2 teaspoons vanilla extract\n2/3 cup banana chips, loosely chopped\n1 cup chocolate chips\n2/3 cup toasted walnuts, chopped"
"Cherry Cobbler Recipe",  "2 1/2 cups sweet cherries, pitted\n1 tablespoon cornstarch \n1/4 cup fine-grain natural cane sugar\n1 1/4 whole wheat pastry flour\n2 teaspoons baking powder\n1/3 cup fine-grain natural cane sugar (or brown sugar)\n1/4+ teaspoon salt\n1/4-1/2 cup toasted nuts (optional)\n1 egg\n1/2 cup buttermilk\n3 tablespoons butter, melted and cooled a bit"
"Peanut Butter Cookies",  "2 cups whole wheat pastry flour, spelt flour, or unbleached all-purpose flour\n1 teaspoon baking soda\n3/4 teaspoon fine grain sea salt\n1 cup organic, chunky natural peanut butter\n1 cup maple syrup\n1/3 cup extra virgin olive oil\n1 1/2 teaspoons vanilla extract"
"Brown Sugar Sandwich Cookie Recipe",  "2 1/2 cups whole wheat pastry flour\n1 teaspoon baking powder\nscant 1 teaspoon salt\n2 tablespoons + 1 teaspoon poppy seeds\n6 ounces (1 1/2 sticks) unsalted butter, room temperature\n2/3 cup good-quality brown sugar / natural cane sugar\n2 large egg yolks\n1 tablespoon vanilla extract\n2-3 tablespoons milk\n1 tablespoon big flaky sea salt (optional)\n1 tablespoon turbinado sugar (optional)\n6-7 ounces dark chocolate, chopped\nspecial equipment: a 1 1/2-inch cookie cutter"
"My Special Zucchini Bread Recipe",  "1 1/2 cups chopped walnuts, plus a few to sprinkle on top\n1/3 cup poppy seeds (optional)\nzest of two lemons (optional)\n1/2 cup crystallized ginger, finely chopped (optional)\n1/2 cup unsalted butter\n1 cup sugar\n1/2 cup fine grain natural cane sugar or brown sugar, lightly packed\n3 large eggs\n2 teaspoons vanilla extract\n3 cups grated zucchini (about 3 medium), skins on, squeeze some of the moisture out and then fluff it up again  before using\n3 cups whole wheat pastry flour (or all-purpose flour)\n1 1/2 teaspoons baking soda\n1/2 teaspoon baking powder\n1 teaspoon salt\n1 teaspoon cinnamon\n1 tablespoon curry powder (optional) \nSpecial equipment: two 1 pound loaf pans (5 x 9 inches)"
"Nikki's Healthy Cookie Recipe",  "3 large, ripe bananas,  well mashed (about 1 1/2 cups)\n1 teaspoon vanilla extract\n1/4 cup coconut oil, barely warm - so it isn't solid (or alternately, olive oil)\n2 cups rolled oats\n2/3 cup almond meal\n1/3 cup coconut, finely shredded &amp; unsweetened\n1/2 teaspoon cinnamon\n1/2 teaspoon fine grain sea salt\n1 teaspoon baking powder\n6 - 7 ounces chocolate chips or dark chocolate bar chopped"
"Maple Huckleberry Coffee Cake Recipe",  "1 cup whole wheat pastry flour (or spelt flour)\n3 tablespoons rolled oats\n1/2 teaspoon baking powder\n1/2 teaspoon baking soda\nscant 1/2 teaspoon fine grain sea salt\n1/4 teaspoon fresh thyme, chopped \n1/4 teaspoon fresh rosemary, chopped\n4 tablespoons (1/2 stick) unsalted butter, room temperature\n1/3 cup maple syrup, room temperature\n1 large egg, room temperature\nzest of one lemon\n2 teaspoons vanilla extract\n1/4 cup buttermilk\n1 1/3 cups fresh wild huckleberries (or other berries), well picked over\nTopping:\n1/2 cup whole wheat pastry flour\n4 tablespoons cold unsalted butter, cut 1/4-inch cubes\n1/3 cup maple sugar (or brown sugar)\n1/4 teaspoon fresh thyme\n1/2 cup chopped pecans\nspecial equipment: a 1-pound loaf pan"
"Animal Cracker Cookie Recipe",  "1 cup whole wheat pastry flour\n1/4 cup walnut of almond meal (see head notes)\n1/2 cup unsweetened finely shredded coconut, very finely minced\n1/4 cup extra-virgin coconut oil, softened\n1/3 cup fine-grain natural cane sugar\n1/4 teaspoon salt\n1 large egg, lightly beaten\na few tablespoons big-grain turbinado sugar"
"Unfussy Apple Cake Recipe",  "2 cups sweet, crisp red apples, cut into 1/4 cubes (peel on)\n2 1/2 cups whole wheat pastry flour\n1 tablespoon aluminum-free baking powder\n2 teaspoons cinnamon\n1/2 cup dark Muscavado sugar (or other fine-grain natural cane or brown sugar), lump-free\n1/2 teaspoon fine grain sea salt\n2 eggs\n1 cup buttermilk\n1/4 cup butter, melted and cooled a bit\n3 tablespoons large grain sugar"
"Firecracker Cornbread Recipe",  "3 tablespoons butter\n1 teaspoon red pepper flakes\n1 cup whole wheat pastry flour\n3/4 cup instant cornmeal (or instant polenta) or fine-grain cornmeal\n1/4 cup natural cane sugar (or brown sugar)\n1 tablespoon aluminum-free baking powder\n1 1/2 teaspoons fine grain sea salt\n1 cup buttermilk\n1 large egg\n2 1/2 cups corn, fresh (or at room temperature if previously frozen)\nmore butter for drizzling (optional)"
"Spice-kissed Pumpkin Pie Recipe",  "1 pie crust (of your choice), see head notes for pat-in-pan option\n2 cups hazelnuts (divided) , toasted\n1/2 cup brown sugar\n1 tablespoon pumpkin pie spice blend*\n1 teaspoon salt\n1 tablespoon arrowroot (or cornstarch)\n1 1/2 cups of roasted pumpkin puree*\n1 teaspoon vanilla extract\n3 extra large eggs PLUS one for glaze, lightly beaten\n1 cup coconut milk"
"Sante's Hermit Cookie Recipe",  "1 1/2 cups whole wheat pastry flour (or unbleached all-purpose)\n2 teaspoons aluminum-free baking powder\n1/2 teaspoon fine grain salt\n1/2 teaspoon ground cloves\n1 teaspoon ground cinnamon\n1 teaspoon ground allspice\n1/2 cup unsalted butter, room temperature\n1 cup natural cane sugar, sift out any chunks\n1 large egg\n1 teaspoon pure vanilla extract\n1 cup currants\n1 cup walnuts, chopped\n1/4 cup milk\n1 cup organic powdered sugar, sifted\n4 - 5 tablespoons heavy cream\n1 teaspoon pure vanilla extract"
"Triple Ginger Cookies",  "1/2+ cup large-grain sugar (i.e. turbinado)\n2 cups spelt flour OR whole wheat pastry flour\n1 teaspoons baking soda\n1 teaspoon star anise, finely ground\n4 1/2 teaspoons ground ginger\n1/2 teaspoon fine grain sea salt\n1 stick (1/2 cup) unsalted butter, room temperature\n1/4 cup unsulphured molasses (I use Wholesome Sweeteners brand)\n2/3 cup fine grain natural cane sugar, sifted\n1 1/2 tablespoons fresh ginger, peeled and grated\n1 large egg, well beaten\n1 cup crystallized ginger, then finely minced\n2 lemons, zest only"
"Itsy Bitsy Chocolate Chip Cookie Recipe",  "5 ounces good-quality semi-sweet chocolate bar (Scharffen Berger 62%)\n1 cup whole wheat pastry flour\n1/2 teaspoon baking powder \n1/2 teaspoon baking soda \n1/2 teaspoon salt \n1 cup old-fashioned rolled oats\n1/2 cup walnuts, very, very finely chopped (by hand)\n1/2 cup unsalted butter, at room temperature\nscant 1 cup natural cane sugar (or brown sugar)\nscant 1 tablespoon organic unsulphured molasses (blackstrap)\n1 large egg\n1 1/2 teaspoon vanilla extract \n1/4 cup large-grain sugar (for ex: turbinado)"
"Nut and Seed Biscotti Recipe",  "1 1/3 cups white whole wheat flour\n2 cups mixed nuts and seeds (see head notes)\nscant 1/2 teaspoon fine grain sea salt\n2 large eggs\n2/3 cup natural cane sugar, fine grain\n1/4 cup extra-virgin olive oil"
"Honey-sweetened Thumbprint Cookie Recipe",  "2/3 cup honey (I use a clover honey)\n1/3 cup warm coconut oil or clarified butter\n1 1/2 teaspoon vanilla extract\n1 1/2 cups whole wheat pastry flour\n3/4 cup rolled oats\n1 tablespoon all natural cornstarch (or arrowroot)\nscant 1/2 teaspoon fine grain sea salt\n1/4 teaspoon baking soda\nzest of one lemon\nyour favorite jam or preserves (preferably fruit sweetened) - berry goes nicely"
"Carrot Oatmeal Cookie Recipe",  "1 cup whole wheat pastry flour\n1 teaspoon baking powder\nscant 1/2 teaspoon fine grain sea salt\n1 cup rolled oats\n2/3 cup chopped walnuts\n1 cup shredded carrots\n1/2 cup real maple syrup, room temperature\n1/2 cup unrefined (fragrant) coconut oil, warmed until just melted\n1 teaspoon grated fresh ginger"
"Basic Chocolate Cake Recipe",  "2 1/2 cups whole wheat pastry flour\n3/4 cup non-alkaline/non-Dutched cocoa powder (I use Dagoba)\n1 tablespoon baking powder (look for non-aluminum type)\n3/4 teaspoon fine grain sea salt\n1/2 cup barely melted unsalted butter (or coconut oil)\n1 cup real maple syrup, room temperature\n2 eggs, lightly beaten\n2 teaspoons vanilla extract\n1 cup coconut milk, room temp\n8 ounces good-quality bittersweet chocolate, shaved or finely chopped\n2 ounces bittersweet chocolate (chopped)\n1/4 cup unsalted butter, room temperature\n1/4 cup maple syrup\n1 cup heavy cream, whipped to stiff peaks"
"Carrot Cake Recipe",  "2 cups whole wheat pastry flour\n2 1/2 teaspoons baking powder\n1 1/2 teaspoons cinnamon\n3/4 teaspoon fine grain sea salt\n3/4 cup finely chopped walnuts \n4 ounces unsalted butter, heated until just melted\n1/2 cup dried dates, seeded and finely chopped into a paste\n3 ripe bananas (1 1/4 cups), mashed well\n1 1/2 cups grated carrots (about 3 medium)\n1/2 cup plain Greek yogurt (2% or lowfat is ok)\n2 eggs, lightly whisked\n6 ounces cream cheese, room temperature\n3 tablespoons agave nectar or maple syrup (or to taste)"
"Yogurt Tartlets Recipe",  "1 cup whole wheat pastry flour\n1/3 cup rolled oats\nscant 1/2 teaspoon fine-grain sea salt\n1/3 cup + 1 tablespoon butter, coconut oil, or olive oil\n2 tablespoons maple syrup\n2 tablespoons natural cane sugar (optional)\n1/4 teaspoon toasted sesame oil\n1 cup plain Greek yogurt (I use low-fat here)\n1/4 cup maple syrup\nzest of one lemon\n3 teaspoons fresh ginger juice*\n2 large eggs, lightly beaten\ncrystalized ginger, dried fruit, or fresh fruit/berries for topping\nspecial equipment: 6 small tart (4-inch) pans or I suspect one 9-inch tart pan would be just about right for a single tart."
"Breton Buckwheat Cake with Fleur de Sel",  "For the cake:\n7/8 cup (140g) buckwheat flour\n1 cup (140g) all-purpose flour\n1/2 teaspoon plus 1/3 teaspoon fleur de sel\n1/4 teaspoon ground cinnamon\n1/2 pound (240g) unsalted butter, at room temp\n1 cup (200g) sugar\n4 large egg yolks\n1 large egg\n3/4 teaspoon vanilla extract\n2 tablespoons dark rum\nFor the glaze\n1 large egg yolk\n1 teaspoon milk"
"Whole Wheat Oatmeal Chocolate Chip Cookies",  "2 3/4 cup /  9 oz  / 255 rolled oats (not instant)\n1 cup / 4.5 oz / 125 g whole wheat flour\n2/3 cup / 1 1/2 oz / 45 g wheat bran (or germ)\n1 teaspoon baking soda\n1 1/2 teaspoons baking powder\n1 teaspoon fine grain sea salt\n1 cup / 8 oz / 225 g unsalted butter\n1 cup / 6.5 oz / 185 g natural cane sugar or light brown sugar\n1 cup / 6 oz / 170 g firmly packed Muscovado or dark brown sugar\n2 large eggs\n2 teaspoons vanilla extract\n10 oz / 285 g semi-sweet chocolate bar, chopped and shaved into chunks and splinters"
"Limoncello Macaroons",  "1 large egg white\n14 oz / 400g almond paste\n1/2 cup / 2 oz / 55g confectioners' sugar, sifted, plus quite a bit more for surface and coating\n1/4 teaspoon pure almond extract\nscant 2 teaspoons freshly grated lemon zest\n1 tablespoon limoncello\nscant 1/2 teaspoon fine grain sea salt"
"Olive Biscuit Cookies",  "9 tablespoons / 4.5 oz / 130g  unsalted butter, room temperature\n3/4 cup / 3 oz / 85 g powdered sugar, sifted\n1 tablespoon extra-virgin olive oil\n1 1/4 cups / 6.5 oz / 185 g all-purpose flour\n1/2 cup / 2 oz / 55g cured olives, pitted and chopped\ntwo pinches of sea salt"
"Pumpkin and Feta Muffins",  "1 tablespoon unsalted butter\n2 tablespoons olive oil\n2 cups / 9 oz / 255g cubed pumpkin or butternut squash, 1/2-inch cubes\nsalt and pepper to taste\n1 large handful of baby spinach, chopped\n2 tablespoons chopped parsley or cilantro\n3 tablespoons sunflower seeds kernels\n3/4 cup / 1 oz / 30g freshly grated Parmesan\n100g / 3.5 oz / 1/2 cup cubed feta\n2 teaspoons whole-grain mustard\n2 large eggs, lightly beaten\n3/4 cup / 180 ml milk\n2 cups flour (see headnote!)\n4 teaspoons aluminum free baking powder\n1 teaspoon fine-grain sea salt"
"Oat Soda Bread Recipe",  "butter, to grease pan\n2 cups / 7 oz rolled oats\n10 ounces / 285 g / ~2 1/4 cups unbleached all-purpose flour, plus more for dusting and kneading\n1 3/4 teaspoons baking soda\n1 1/4 teaspoons fine-grain sea salt\n1 3/4 cups / 415 ml buttermilk, plus more if needed, and 2T. for brushing\nmixed seeds - sesame, caraway, poppy, etc."
"Whole Wheat Chocolate Chip Skillet Cookie",  "3 cups / 13.5 oz / 380 g whole-wheat flour\n1 1/2 teaspoon baking powder\n1 teaspoon baking soda\n1 1/4 teaspoon fine grain sea salt\n8 ounces / 225 g (2 sticks) cold unsalted butter, cut into 1/2-inch pieces, plus more for buttering the pan\n1 cup / 5 oz / 140 g dark brown sugar\n1 cup / 7 oz / 200 g sugar\n2 large eggs\n2 teaspoons pure vanilla extract\n8 ounces / 225 g bittersweet chocolate, roughly chopped into 1/4- and 1/2-inch pieces"
"Toasted Almond Sables Cookies",  "1 cup / 4.5 oz / 130 g unbleached all-purpose flour\nScant 1 cup / 4 oz / 115g whole wheat flour\n1/2 pound (2 sticks) salted butter, softened\n1/2 cup / 3.5 oz / 100 g sugar\n1/4 teaspoon fine sea salt\n1 teaspoon pure vanilla extract\n1/3 cup / 1 oz / 30 g lightly toasted sliced almonds\n1/2 cup / 2.5 oz / currants\nlarge grain sugar, for sprinkling"
"Oatmeal Muffins",  "Crumble topping:\nscant 3/4 cup / 3 oz / 85 g whole wheat pastry flour\n1/2 cup / 1.5 oz / 45 g rolled oats\n1/2 cup / 2.5 oz / 70 g natural cane or brown sugar\nscant 1/2 teaspoon fine grain sea salt\n1/3 cup / 2.5 oz / 70 g unsalted butter, melted\nMuffin batter:\n1 cup / 3.5 oz / 100 g rolled oats\n3/4 cup / 3.5 oz / 100 g unbleached all purpose flour\n3/4 cup / 3.5 oz / 100 g whole wheat pastry flour\n1/2 teaspoon baking soda\nscant 1/2 teaspoon fine grain sea salt\n7/8 cup / 7 oz /  200 g unsalted butter, plus more for greasing pan\n1/2 cup / 2.5 oz / 70 g natural cane or brown sugar\n1 1/2 cups / 12 oz / 350 ml plain yogurt\n2 large eggs, whisked"
"Easy Little Bread Recipe",  "1 1/4 cups / 300 ml warm water (105-115F)\n2 teaspoons active dry yeast (one packet)\n1 tablespoon runny honey\n1 cup / 4.5 oz / 125 g unbleached all-purpose flour\n1 cup / 5 oz / 140 g whole wheat flour\n1 cup / 3.5 oz / 100 g rolled oats (not instant oats)\n1 1/2 teaspoons fine grain sea salt\n2 tablespoons butter, melted, for brushing"
"Maple Buttermilk Pie",  "Flaky Rye Pie Dough\n75 g / v. scant 2/3 cup rye flour\n175g / 1 1/2 cups unbleached all-purpose flour\n1/4 teaspoon fine grain sea salt\n8 oz / 1 cup salted butter\n1/4 - 1/3 cup / 60 - 80 ml cold water or beer\nzest of one lemon\n2 tablespoons brown sugar\n6 egg yolks\n1/4 cup flour\n2/3 cup maple syrup (pref. grade b)\n2 cups buttermilk\n1 teaspoon vanilla extract\nscant 1/2 teaspoon fine grain sea salt\nLarge grain sugar, for sprinkling"
"Baked Quinoa Patties",  "2 1/2 cups / 12 oz /340 g cooked quinoa, at room temperature*\n5 large eggs, lightly beaten\n1/2 teaspoon fine-grain sea salt\n1/3 cup/ .5 oz /15 g finely chopped fresh chives\n1/3 cup /.5 oz /15 g finely chopped fresh dill\n1 cup / 1.5 oz /45 g finely chopped kale\n1 yellow or white onion, finely chopped\n3 cloves garlic, finely chopped\n1 teaspoon (toasted) cumin\n1 teaspoons baking powder\n1 cup / 3.5 oz /100 g whole grain bread crumbs, plus more if needed\nwater or a bit of flour, if needed\n1/3 cup / .5 oz / 15 g crumbled feta\n1 tablespoon extra-virgin olive oil or clarified butter"
"Lemony Olive Oil Banana Bread",  "1 cup / 4.5 oz / 125g all-purpose flour\n1 cup / 5 oz / 140g  whole wheat flour\n3/4 cup / 4.5 oz / 125 g dark muscovado or dark brown sugar\n3/4 teaspoon baking soda\n1/2 teaspoon kosher salt\n1 cup / 4 oz / 115 g coarsely chopped bittersweet chocolate\n1/3 cup / 80 ml extra-virgin olive oil\n2 large eggs, lightly beaten\n1 1/2 cups / 12 oz / 340 g mashed, VERY ripe bananas (~3 bananas)\n1/4 cup / 60 ml plain, whole milk yogurt\n1 teaspoon freshly grated lemon zest\n1 teaspoon vanilla extract\n\u00a0For the glaze:\n1/2 cup / 3 oz / 85 g sifted dark muscovado or dark brown sugar\n1/2 cup / 2 oz / 55g confectioners' sugar\n4 teaspoons freshly squeezed lemon juice"
"Black Sticky Gingerbread Recipe",  "1 cup / 8 oz / 225 g unsalted butter\n1/2 cup / 120 ml water\n3/4 cup / 180 ml unsulphured blackstrap molasses\u2028\n3/4 cup / 180 m flavorful, real honey\n1 cup / 5 1/2 oz / 155 g tightly packed dark brown / Muscovado sugar \u2028\n3 cups / 13 1/2 oz / 385 g  whole wheat pastry flour (or all-purpose flour)\u2028\n1 1/2 teaspoons baking soda \u2028\n1/2 teaspoon salt \u2028\n2 teaspoons ground ginger \u2028\n2 teaspoons ground cinnamon \u2028\n1/2 teaspoon allspice\u2028\n1/4 teaspoon ground cloves \n\u20283 large eggs, at room temperature\u2028\n1/2 cup / 120 ml milk\n\u20281 packed tablespoon grated fresh ginger root\nLightly sweetened whipped cream, to serve"
"Black Bread",  "2 1/4 teaspoons active dry yeast\n320 - 400 ml warm water (105 - 115F)\n1 teaspoon natural cane sugar / brown sugar\n2 tablespoons cocoa powder\n2 tablespoons finely ground espresso beans\n1/4+ cup / 70 ml molasses\n3 teaspoons caraway seeds, plus more for topping\n3 tablespoons unsalted butter, cut into pieces\n2 teaspoons fine grain sea salt\n~2 cups / 150 g coarsely grated carrot (2 large)\n1 1/3 cup / 150 g rye flour\n~3 1/4 cup / 15 oz / 425 g bread flour (or unbleached all -purpose flour), plus more for dusting\nolive oil for kneading and oiling baking sheet\n2 tablespoons buttermilk, water, or milk"
"Chocolate Bundt Cake",  "Chocolate Bundt Cake:\n2 cups / 475 ml chocolate porter or stout beer\n8 tablespoons unsalted butter, plus more for the pan\n3/4 cup / 75g natural cocoa powder (non-dutched)\n1 cup / 5 oz / 140 g whole wheat flour\n1 cup / 4.5 oz / 125 g all-purpose flour\n1 cup / 4.25 oz  / 120 g muscovado or dark brown sugar\n1 1/2 teaspoons baking soda\n3/4 teaspoon fine grain sea salt\n3 large eggs\n1 1/2 cups / 355 ml plain whole yogurt\n3/4 cup / 180 ml pure maple syrup\nChocolate Buttermilk Icing:\n3/4 cup / 2.75 oz / 75 g powdered sugar\n1/4 cup / 25g natural cocoa powder (non-dutched)\n2 tablespoons buttermilk\nflaky sea salt, to serve"
"Homemade Cheese Crackers",  "3 tablespoons unsalted butter, cut into 1/2-inch cubes, plus additional for baking sheets\n1 1/2 cups / 7 oz / 200g whole wheat pastry flour, plus more for the counter\n1 teaspoon dry mustard powder\n1 teaspoon fine grain sea salt\n6 ounces / 170 g Cheddar cheese, grated\n2 teaspoons white wine vinegar\n1 ice cube\nseeds (optional)"
"Rose Petal Granola",  "4 cups / 14 oz / 400 g rolled oats\u2028\n1 1/2 cups / 6 oz / 170 g walnut halves\n\u20281/2 teaspoon fine-grain sea salt\n1/8 teaspoon freshly ground pepper\n\u20282/3 cup / 3 oz / 85 g dried currants\ndried petals from a dozen (or so) small roses\n\u20281/2 cup  / 4 oz unsalted butter\n\u20281/2 cup / 120 ml honey\n1/2 teaspoon rose water\n1 egg white (large egg), optional"
"Whole Vanilla Bean Cookies",  "1/2 cup+ / 2.5 oz /70 g powdered sugar\nscant 1/4 cup  / 1 1/2 oz / 45 g granulated sugar\n1 pliable vanilla bean, cut into segments, ends trimmed if tough\n1/4 teaspoon fine grain sea salt\n8 tablespoons / 4 oz  / 115 g unsalted butter, room temperature, cut into chunks\n\u20281/2 teaspoon vanilla extract\n\u20281/2 cup / 2 oz / 55g rye flour\n1/2 cup / 2.5 oz / 70 g  all-purpose flour\na touch of sugar/salt for topping"
"Tomato Tarte Tatin Recipe",  "2 medium yellow onions, chopped\n2 tablespoons extra-virgin olive oil or clarified butter\n1 1/2 pounds / 24 oz small tomatoes (here it's a mix of heirloom cherry &amp; early girls)\nscant 1/2 teaspoon fine grain sea salt\n2 teaspoons balsamic vinegar\na bit of flour\nzest of one lemon\n1 pie crust, this rye crust is my go-to\n1 egg whisked with a tablespoon of water"
"Sesame Banana Bread",  "1 cup / 4.5 oz / 125g all-purpose flour\u2028\n1 cup / 5 oz / 140g whole wheat flour\u2028\n3/4 cup / 4.5 oz / 125 g dark brown sugar (or muscovado)\n\u20283/4 teaspoon baking soda\u2028\n1/2 teaspoon fine grain sea salt\n\u20281 1/3 cups / 7 ounces / 200 g toasted sesame seeds\n\u20281/3 cup / 80 ml extra-virgin olive oil\n\u20282 large eggs, lightly beaten\n\u20281 1/2 cups / 12 oz / 340 g mashed, VERY ripe bananas (~3 bananas)\u2028\n1/4 cup / 60 ml plain, whole milk yogurt\u2028\n1 teaspoon freshly grated lemon zest\u2028\u2028\u00a0\n\u2028For the glaze:\n\u20281/2 cup / 3 oz / 85 g sifted dark brown sugar (muscovado)\u2028\n1/2 cup / 2 oz / 55g confectioners' sugar\u2028\n4-6 teaspoons freshly squeezed lemon juice"
"Saffron-Vanilla Snickerdoodles",  "about 30 threads of saffron (to yield 1/8 teaspoon ground saffron)\n1/2 vanilla bean\n2 tablespoons milk\n2 cups (9.9 oz / 280 g) all-purpose flour\n1 teaspoon baking soda\n1/2 cup (4 oz / 113 g) unsalted butter, at room temperature\n1/2 cup (3.5 oz / 100 g) granulated sugar\n1/2 cup (3.8 oz / 109 g) packed light brown sugar\n1 teaspoon kosher salt\n1 egg (1.8 oz / 50 g), at room temperature\n1/2 teaspoon vanilla extract"
"Whole Wheat Blackberry Ricotta Scones",  "1 cup (120 grams) whole-wheat flour\n1 cup (125 grams) all-purpose flour\n1 tablespoon (15 grams) baking powder, preferably aluminum-free\n1/4 cup (50 grams) sugar\n1/2 teaspoon fine grain sea salt\n6 tablespoons (3 ounces or 85 grams) unsalted butter, chilled\n1 cup (4 3/4 ounces or 135 grams) fresh blackberries\n3/4 cup (190 grams) whole-milk ricotta\n1/3 cup (80 ml) heavy cream"
"Thinnest Oatmeal Cookies",  "1 tablespoon whole wheat flour\n1 teaspoon baking powder\n1/4 teaspoon fine grain sea salt\n1 teaspoon fennel seeds, crushed\n4 teaspoons poppy seeds\n1/2 cup unsalted butter\n1 1/2 cup / 5 oz uncooked rolled oats (not instant)\n1 egg, room temperature\n2/3 cup / 4 oz natural cane sugar"
"Buttermilk Berry Muffins",  "1 1/4 cups / 5 1/2 oz / 160 g whole wheat pastry flour\n2 1/4 cups / 10 1/2 oz / 295 g unbleached all-purpose flour\n1/2 cup / 3 1/2 oz / 100 g firmly packed brown sugar\n3/4 teaspoon fine grain sea salt\n1/2 teaspoon baking soda\n2 teaspoons baking powder\n5 1/2 oz mashed, ripe banana (~2 med.)\n240 ml buttermilk\n3 large eggs\n1 teaspoon vanilla extract\n1/2 cup / 4 oz / 115 g unsalted butter, barely melted\n1 cup / 4.5 oz / 125 g berries, plus more for topping\nrose cinnamon sugar*"
"Herbed Buttermilk Popcorn Recipe",  "1 tablespoon powdered buttermilk\n1 teaspoon garlic powder\n1 teaspoon onion powder\n1 teaspoon lemon pepper\n1/2 teaspoon dried dill weed\n1/2 teaspoon powdered chicken bouillon or kosher salt\n1 tablespoon corn oil\n1/3 cup popcorn kernals\n2 tablespoons unsalted butter"
"Herb Jam with Olives and Lemon Recipe",  "4 large cloves garlic, halved\n1 pound baby spinach leaves\n1 large bunch flat-leaf parsley, stems discarded \n1/2 cup celery leaves, coarsely chopped\n1/2 cup cilantro leaves , stemmed\n1/4 cup extra-virgin olive oil\n12 oil-cured black olives, pitted, rinsed, coarsely chopped \n1 1/4 teaspoons Spanish sweet smoked paprika (pimenton de la Vera)\nPinch of cayenne\nPinch of ground cumin\n1 tablespoon lemon juice, or more to taste \nSalt and freshly ground pepper"
"Simple, Perfect Peas with Butter and SaltSpring Pea slathered CrostiniHand-cut Chive Raviolis bursting with Sweet English Pea PureeMy Well-behaved (now more nutritional) Pasta DoughA Tasty Green Tart that should've had a Different Crust",  "1 standard brown paper lunch bag full of fresh English peas (still in their pods) - I'm guessing a pound or two\nSqueeze of lemon juice\n1/2 cup toasted pine nuts\n1/2 cup FRESHLY shredded parmesan\ntiny pinch of cayenne\nlemon zest\nsalt to taste\n1 cup durum wheat flour (semolina also works great, but not as nutritious)\n2 cups all-purpose flour\n1 1/2 t. salt\n4 eggs\n1 T. extra-virgin olive oil\nHandful of chives (optional - this is where you can add any herbs, spices, or other flavorings)"
"Beluga Lentil Crostini Recipe",  "1 lb. black beluga lentils\n1 sweet baguette, sliced thinly into 1/6th-inch rounds\n1/3 cup extra-virgin olive oil or melted clarified butter\n1/2 t. fine-grain sea salt\n8 ounces spreadable goat cheese\na small splash of milk\n3-4 large cloves of garlic\n2 big bunches of chives\nmore salt to taste"
"Heirloom Tomato Tart in a Parmesan Crust",  "6 perfect, colorful, medium-sized heirloom tomatoes - washed and sliced 1/6-inch thick\n1 t. fine-grain sea salt\n1/2 cup unbleached all-purpose flour\n1/2 cup whole wheat flour\n1/2 cup unsalted organic butter, well chilled + cut into 1/4-inch cubes\n4-ounce chunk of good fresh Parmesan, microplane-grated (you should end up with about 2 cups loosely packed grated cheese. Save any leftover grated cheese for sprinkling on the crusts when they come out of the oven.\n2 T. ice cold water\n2T. best quality extra virgin olive oil\n1/4 cup slivered basil\nSpecial equipment: tart pan(s),  pie weights, paper towels"
"Spiced Candied Walnuts Recipe",  "Peanut or canola oil for deep-frying (hs note: has anyone seen an organic peanut oil out there?)\nFinely ground sea salt, preferably gray salt \nFreshly ground black pepper \n1/2 teaspoon ground cinnamon \n1/2 teaspoon cayenne pepper \n4 cups walnut halves \n1 cup confectioners' sugar, sifted\n2 cans (15 1/2 ounces each) chickpeas (garbanzo beans) \n3/4 cup buttermilk\n3/4 cup olive oil\n1 1/2 cups 1Arborio Rice Coating (below)\n1/4 cup thinly sliced garlic \n15 fresh sage leaves\n2 teaspoons thin serrano chili slices (optional) \nFinely ground sea salt, preferably gray salt \nZest of 1 lemon, cut into julienne \nFreshly ground black pepper\n1 cup Arborio rice \n3 cups unbleached all-purpose flour \n1 cup semolina flour \n2 tablespoons finely ground sea salt, preferably gray salt \n1 teaspoon freshly ground black pepper "
"Whipped Chickpea Hummus Recipe",  "Crostini:\n1 sweet baguette, cut into 1/4-inch thick slices\n3 tablespoons olive oil\na couple pinches of salt\n1 large garlic clove, peeled.\nChickpea spread:\n1 cup dried chickpeas, rinsed and picked over\n1 small new potato (Yukon Gold, Yellow Fin, etc), peeled and quartered\n5-6 handfuls of spinach, washed well\n1 small red onion, chopped\nzest of one lemon\njuice of 1/2 lemon, approx.\nsalt and pepper\n1/4 cup extra virgin olive oil\nwarm water\nchives for garnish (opt)"
"Dukkah Recipe",  "1/2 cup hazelnuts\n1/4 cup coriander seeds\n3 tablespoons sesame seeds\n2 tablespoons cumin seeds\n1 tablespoon black peppercorns\n1 teaspoon fennel seeds\n1 teaspoon dried mint leaves\n1 teaspoon salt"
"Animal Cracker Recipe",  "1 packet of extra-large wonton wrappers\n1/4 cup natural sugar, evaporated cane sugar\n1 1/2 teaspoons ground ginger\n1/4 teaspoon fine grain sea salt\n1 organic egg\ntiny splash of heavy cream\n1/4 cup mixed seeds\nSpecial equipment: cookie cutters"
"Cheesy, Heirloom, Panini Batons",  "1 clove of garlic\n2 tablespoons of extra-virgin olive oil\n1 cup ricotta cheese\n1/2 cup fresh basil\n1 bunch of chives\n1/2 teaspoon fine grain sea salt\nMozzarella (preferably water-packed)\nSmall heirloom tomatoes, sliced 1/4-inch thick\n1 flat slab of ciabatta, sturdy foccacia bread, or comparable\nSalt and pepper"
"Baked Polenta Fries Recipe",  "2 cups organic milk\n2 cups water\n1 1/2 cups polenta (see above)\n1 teaspoon fine grain sea salt\n1/2 cup grated Parmesan cheese\n1/4 cup melted clarified butter or olive oil"
"Sweet &amp; Spicy Pumpkin Seeds",  "1 egg white\n1/4 cup natural cane sugar\n1/2 teaspoon cayenne pepper\nscant 1/2 teaspoon fine grained sea salt\n1 cup fresh pumpkin seeds\n1 egg white\n2 teaspoon curry powder\nscant 1/2 teaspoon fine grained sea salt\n1 cup fresh pumpkin seeds\n1 teaspoon (black) tea\n3 tablespoons unsalted butter, melted\nscant 1/2 teaspoon fine grained sea salt\n1 cup fresh pumpkin seeds"
"My Dad's Garlic Bread",  "1 loaf artisan French bread or wide baguette\n1 - 2 heads of garlic\n1 - 2 sticks of unsalted butter\n1 bunch of chives (optional)\nzest of one lemon (optional)"
"Spicy Polenta-Cheese Crackers",  "Equipment: A food processor or a blender; 2 nonstick baking sheets; a 1 3/4-inch round biscuit cutter or a glass.\n1 cup bread flour (hs note: white whole wheat flour works as well)\n1 cup instant polenta\n3/4 teaspoon fine sea salt\n1/2 teaspoon baking soda\n1/4 teaspoon cayenne pepper\n1/2 cup freshly grated Parmigiano-Reggiano cheese\n2 1/2 tablespoons cold unsalted butter, cut into 1/4-inch pieces\n3/4 cup buttermilk, shaken to blend"
"Baked Artichoke Dip Recipe",  "2 (14-ounce) cans water-packed artichokes, well drained\n4 ounces organic silken tofu\n3 large cloves garlic\n1/3 cup Parmesan cheese, freshly grated\n2/3 cup plain (or Greek) yogurt\n1/4 teaspoon fine grain sea salt, or more to taste\npinch of cayenne pepper\nmore Parmesan to sprinkle on top"
"Olive Oil Cracker Recipe",  "1 1/2 cups semolina flour\n1 1/2 cups white whole wheat flour (or all-purpose flour)\n1 teaspoon fine-grain sea salt\n1 cup warm water\n1/3 cup extra virgin olive oil\nspecial equipment: pasta machine (optional)"
"Plump Pea Dumpling Recipe",  "2 cups (about 10 ounces) cups peas (freshly shelled or frozen)\n2/3 cup ricotta cheese\n2 tablespoons  olive oil\nscant 1/2 tea spoon fine grain sea salt\n1 small shallot, minced\n1/3 cup grated Parmesan\nzest of one large lemon\n1 package of wonton wrappers, or round wrappers\nspecial equipment: bamboo steamer (or see head notes for alternative cooking method)"
"Grilled Pizza Recipe",  "Pizza dough:\nI've had success with White Whole Wheat Pizza Dough or  Peter Reinhart's Napoletana Pizza Dough recipe.\nToppings: \n - my favorite five minute tomato sauce\n- caramelized fennel &amp; olives:  Made by slicing fennel thinly, but not paper thin (a mandolin does the job). In a large skillet over med-high heat,  saute the fennel in olive oil for 3 or 4 mins, to brown a bit. Turn down the heat to low and cook for another fifteen to twenty minutes. A few minutes before the fennel is done, toss in a handful of your favorite pitted olives.\n- Gruyere cheese, grated"
"Apple Zucchini Crostini Recipe",  "5-7 slices whole grain bread, very thinly sliced\n3 ounces goat cheese or chevre, crumbled\ntiny splash of milk or cream\nsplash of extra virgin olive oil\ntwo big pinches of salt\n1/4 cup apple, cut into 1/4 inch dice (place in a bit of lemon water if not using immediately)\n3/4 cup zucchini, cut into 1/4-inch dice\n1 1/2 teaspoons lemon juice, freshly squeezed\na bit of freshly ground black pepper"
"Hummus en Fuego Recipe",  "1/2 cup extra-virgin olive oil\n1 1/2 teaspoons crushed red pepper flakes\n3/4 cup walnuts, toasted\n2 cups cooked (or canned) garbanzo beans, drained\n1 medium clove garlic\njuice of 1/2 a lemon (about 2 tablespoons)\n1/2 cup hot water\n1/4 cup oil-cured olives, chopped\na bit of chopped cilantro"
"Caramelized Onion Dip Recipe",  "2 tablespoons extra virgin olive oil\n2 large yellow onions (about 1 1/2 pounds), finely chopped\n3/4 cup sour cream (low-fat is fine if you like)\n3/4 cup Greek yogurt (low-fat is fine if you like)\n3 teaspoons dehydrated onion powder/granulates (salt-free, natural)\nvery scant 1/2 teaspoon salt"
"Classic Cheese Fondue Recipe",  "1 clove garlic, minced\n1 lb. Gruyere cheese, shredded (or 1/2 lb Gruyere + 1/2 lb Emmental cheese)\n3 tablespoons unbleached all-purpose flour\n1 3/4 cup dry white wine\n1/4 teaspoon freshly grated nutmeg\nA splash or two of kirsch (opt)\n1 lb. premium semisweet or bittersweet chocolate, well chopped\n1 1/2 cups heavy cream"
"Monica Bhide's Chile Pea Puffs",  "nonstick cooking spray (HS note: or a bit of olive oil)\n1 cup cooked green peas, lightly mashed\n1/4 cup crumbled paneer\n2 small green serrano chiles, minced (remove seeds to reduce heat)\n1/4 teaspoon salt to start\n1/4 teaspoon red chile powder or red chile flakes (less to reduce heat)\n1/2 teaspoon minced garlic\n32 wonton wrappers\n1 egg white, lightly beaten"
"Baked Sweet Potato Falafel Recipe",  "2 medium sweet potatoes (orange inside), around 700g or 1 1/2 pounds in total\n1 1/2 teaspoons ground cumin\n2 small cloves of garlic, chopped\n1 1/2 teaspoons ground coriander\n2 big handfuls of fresh cilantro/coriander, chopped\nJuice of half a lemon\na scant cup (120g) gram /chickpea flour   \na splash of olive oil\na sprinkling of sesame seeds\nsalt and pepper"
"Buckwheat Cheese Straws",  "1/2 cup buckwheat flour\n1 cup whole wheat pastry flour\n1 teaspoon fine grain sea salt\n1 teaspoon fresh thyme, chopped\n8 tablespoons (4 ounces) unsalted butter, cold, cut into 1/4-inch cubes\n3/4 cup (2 1/2 ounces) white cheddar, shredded on a box grater\n1/2 cup ice cold water"
"Grilled Salt &amp; Vinegar Potatoes",  "2 cups / 475 ml white wine vinegar\n1 pound / 16 oz / 450 g waxy potatoes (see head notes), cut into 1/4-inch slices\n2 tablespoons extra virgin olive oil\n1 teaspoon flaky sea salt, plus more for seasoning\n1/4 teaspoon freshly ground pepper\nfennel salt* to taste (optional)"
"Oatmeal Crackers",  "1 cup / 3 oz / 85 g rolled oats\n1 1/4 cups / 300 ml whole milk, heated just to boiling\n1/4 cup / 2 oz / 55g room-temperature unsalted butter\n4 tablespoons natural cane sugar\n3 teaspoons aluminum-free baking powder\n2 teaspoons crushed anise seed - optional\n1/2 teaspoon fine grain sea salt\n1 1/4 cup / 5.5 oz / 155g dark rye flour\n1 1/2 cups / 6.75 oz / 190g  all-purpose flour, plus more for dusting\nmore salt for sprinkling"
"Liptauer Cheese Crostini",  "8 ounces / goat cheese, room temperature\n4 oz unsalted butter, room temperature\n2 teaspoons sweet paprika\n2 teaspoons Dijon mustard\n2 big pinches of salt, or to taste\n1 1/2 teaspoons caraway seeds, toasted &amp; crushed\n1 teaspoon capers, rinsed, chopped\n2 tablespoons chopped shallots or onion\n1 tablespoon chopped pickles\na few dozen thin crostini or crackers*\none bunch of chopped chives, to serve"
"Golden Potstickers",  "1/2 cup sunflower oil\n8 green onions / scallions, white and green parts, thinly sliced\n1 small serrano chiles, thinly sliced, or to taste\n1 1/2 tablespoons sugar\n1/4 cup / 60 ml soy sauce\u2028\n1/4 cup / 60 ml water\n4 tablespoons sunflower oil, plus more for pan-frying\n1/2 cup chopped shallots (4 medium)\n1/2 teaspoon fine grain sea salt, or to taste\n2 cups / 11 oz / 310 g cooked yellow split peas, ideally at room temperature, then process in a food processor until uniform and fluffy\n1 package round potsticker wrappers"
"Goug\u00e8res",  "2/3 cup / 160 ml beer / ale  OR water\n1/3 cup / 80 ml milk\n8 tablespoons butter, thickly sliced\n3/4 teaspoon fine grain sea salt\nscant 1/2 cup / 65 g / 2.25 oz all-purpose flour\nscant 1/2 cup / 65 g / 2.25 oz whole wheat flour\n4 large eggs, room temperature\n1 1/4 cup / 3 1/4 oz / 90 g sharp white cheddar, grated on box grater\n1 teaspoon fennel seeds, crushed w/ mortar + pestle"
"Parmesan Cheese Spread",  "2 1/2 cups / 5 1/2 oz / 150g finely grated Parmesan cheese\nscant 1/4 cup / 50 ml extra virgin olive oil\n1/4 cup dry white wine\nadd in ideas: chopped dried figs, chopped dates, finely lots of chopped chives, lemon zest, or red pepper flakes, dried herbs, chopped sun-dried tomatoes"
"Mast-o-Khiar Yogurt Dip",  "2 medium garlic cloves, peeled\n1/2 teaspoon fine grain sea salt\n2 cups / 480 ml Greek yogurt\n3 tablespoons chopped fresh dill\na dozen fresh mint leaves, chopped\n1 medium cucumber, seeded &amp; finely diced\ngreat quality extra-virgin olive oil\n1/3 cup walnuts, deeply toasted\n2 teaspoons crushed dried rose petals\n3 tablespoons chopped dried cranberries"
"Fennel Mushrooms",  "12 ounces mushrooms, brushed clean\n1 tablespoon unsalted butter\na few pinches fine grain sea salt\n1 small bulb of fennel, trimmed and sliced very thinly\n1-2 tablespoons creme fraiche\n2 tablespoons fresh dill, chopped\na small bunch of chives, minced\nfreshly ground black pepper\na small bunch of watercress, sorrel, or arugula\n1 teaspoon of olive oil"
